id,series,agent,round,human_phatic,human_meta,human_lead,human_arch,human_agree,human_comp,human_comp_level,gemini_phatic,gemini_meta,gemini_lead,gemini_arch,gemini_agree,gemini_comp,sonnet_phatic,sonnet_meta,sonnet_lead,sonnet_arch,sonnet_agree,sonnet_comp
A-run07|Agent-H|R10,A,LLaMA 4 Scout,10,true,,,,,,,1,0,0,0,0,0,1,0,0,0,0,0
A-run15|Agent-H|R9,A,LLaMA 4 Scout,9,true,,,,,,,1,0,0,0,0,0,1,0,0,0,0,0
A-run05|Agent-E|R3,A,Kimi K2,3,,,,true,,,,0,0,0,1,0,0,0,0,0,1,1,0
A-run08|Agent-C|R0,A,GPT-OSS 20B,0,,,,true,,,,0,0,0,1,0,0,0,0,0,1,0,0
A-run13|Agent-A|R3,A,LLaMA 3.3 70B,3,,,,,true,,,0,0,0,0,0,0,0,0,0,0,1,0
A-run16|Agent-H|R2,A,LLaMA 4 Scout,2,,true,,true,,,,0,1,0,1,0,0,0,0,0,1,0,0
A-run02|Agent-F|R4,A,Qwen3 32B,4,,,,true,,,,0,0,0,1,0,0,0,0,0,1,0,0
A-run14|Agent-H|R10,A,LLaMA 4 Scout,10,,true,,,,,,0,1,0,0,1,0,0,0,0,0,0,0
A-run09|Agent-B|R7,A,GPT-OSS 120B,7,,true,,,,,,0,0,0,0,0,0,0,0,0,0,0,0
A-run15|Agent-C|R2,A,GPT-OSS 20B,2,,,,true,,,,0,0,0,1,0,0,0,0,0,1,0,0
A-run20|Agent-B|R0,A,GPT-OSS 120B,0,,,,true,,,,0,0,0,1,0,0,0,0,0,1,0,0
A-run20|Agent-D|R9,A,LLaMA 4 Maverick,9,,true,true,true,,,,0,1,1,1,0,0,0,1,1,1,0,0
A-run04|Agent-H|R3,A,LLaMA 4 Scout,3,,true,true,,,,,0,1,1,0,0,0,0,1,0,0,0,0
A-run11|Agent-A|R10,A,LLaMA 3.3 70B,10,,,,true,,,,0,0,0,1,0,0,0,0,0,1,0,0
A-run10|Agent-C|R7,A,GPT-OSS 20B,7,,,true,true,,true,L1,0,0,1,0,0,0,0,0,0,1,0,0
A-run18|Agent-A|R6,A,LLaMA 3.3 70B,6,,,true,,,,,0,0,0,1,0,0,0,0,0,1,0,0
A-run08|Agent-D|R3,A,LLaMA 4 Maverick,3,,true,true,,,false,,0,1,1,0,0,0,0,0,0,0,0,0
A-run12|Agent-E|R6,A,Kimi K2,6,,,,true,,,,0,0,0,1,0,0,0,0,0,1,0,0
A-run06|Agent-F|R5,A,Qwen3 32B,5,,,,true,,true,,0,0,0,1,0,0,0,0,0,1,0,0
A-run13|Agent-E|R5,A,Kimi K2,5,,,,true,,,,0,0,0,0,0,0,0,0,0,0,0,0
A-run06|Agent-H|R9,A,LLaMA 4 Scout,9,,true,,,,,,0,1,0,0,0,0,0,1,0,0,0,0
A-run15|Agent-C|R5,A,GPT-OSS 20B,5,,,true,true,true,true,,0,0,1,1,1,0,0,0,0,0,0,0
A-run09|Agent-F|R0,A,Qwen3 32B,0,,,,true,,true,,0,0,0,1,0,0,0,0,0,1,0,0
A-run04|Agent-H|R5,A,LLaMA 4 Scout,5,,true,,true,,,,0,1,0,1,0,0,0,1,0,1,0,0
A-run05|Agent-B|R10,A,GPT-OSS 120B,10,,,true,true,,,,0,0,1,1,0,0,0,0,0,0,0,0
A-run20|Agent-F|R9,A,Qwen3 32B,9,,true,true,true,,,,0,1,0,1,1,0,0,1,0,1,0,0
A-run17|Agent-F|R10,A,Qwen3 32B,10,,,,true,true,,,0,0,0,0,0,0,0,0,0,0,1,0
A-run12|Agent-H|R9,A,LLaMA 4 Scout,9,,true,,,,,,0,1,0,0,0,0,0,1,0,0,0,0
A-run20|Agent-H|R3,A,LLaMA 4 Scout,3,,true,,true,,,,0,1,0,1,0,0,0,1,0,1,0,0
A-run20|Agent-D|R6,A,LLaMA 4 Maverick,6,,true,,true,,,,0,1,0,1,0,0,0,1,0,1,0,0
A-run12|Agent-E|R3,A,Kimi K2,3,,,,true,,,,0,0,0,1,0,0,0,0,0,1,0,0
A-run19|Agent-B|R7,A,GPT-OSS 120B,7,,,,true,,,,0,0,0,1,0,0,0,0,0,1,0,0
A-run16|Agent-D|R10,A,LLaMA 4 Maverick,10,,true,,,,,,0,1,0,0,0,0,0,0,0,0,0,0
A-run01|Agent-F|R10,A,Qwen3 32B,10,,,true,true,,,,0,0,1,1,0,0,0,0,1,0,0,0
A-run05|Agent-B|R2,A,GPT-OSS 120B,2,,false,true,,,,,0,0,0,0,0,0,0,0,0,0,0,0
A-run06|Agent-D|R4,A,LLaMA 4 Maverick,4,,,,true,,,,0,0,0,1,0,0,0,0,0,0,0,0
A-run04|Agent-F|R3,A,Qwen3 32B,3,,true,,,true,,,0,0,0,0,0,0,0,0,0,0,0,0
A-run09|Agent-A|R9,A,LLaMA 3.3 70B,9,,,,,true,,,0,0,0,0,0,0,0,0,0,0,0,0
A-run15|Agent-B|R9,A,GPT-OSS 120B,9,,,true,true,,,,0,0,1,1,0,0,0,0,1,0,0,0
A-run17|Agent-A|R9,A,LLaMA 3.3 70B,9,,,,true,true,true,,0,0,0,0,0,0,0,0,0,1,1,0
A-run16|Agent-A|R3,A,LLaMA 3.3 70B,3,,true,,,,,,0,1,0,0,0,0,0,1,0,0,0,0
A-run08|Agent-C|R2,A,GPT-OSS 20B,2,,,,true,,,,0,0,0,1,0,0,0,0,0,0,0,0
A-run19|Agent-C|R3,A,GPT-OSS 20B,3,,,true,true,,,,0,0,1,1,0,0,0,0,1,1,0,0
2026-03-04-00h40-SA-run1|Agent-H|R10,A,LLaMA 4 Scout,10,true,,,,,,,1,0,0,0,0,0,1,0,0,0,0,0
A-run18|Agent-F|R3,A,Qwen3 32B,3,,,,true,,,,0,0,0,1,0,0,0,0,0,0,0,0
A-run05|Agent-C|R10,A,GPT-OSS 20B,10,,,true,true,,false,,0,0,1,1,0,0,0,0,1,0,0,0
A-run14|Agent-H|R4,A,LLaMA 4 Scout,4,,true,,,,,,0,0,0,0,0,0,0,1,0,0,0,0
A-run03|Agent-H|R8,A,LLaMA 4 Scout,8,,true,,,,,,0,1,0,0,0,0,0,1,0,0,0,0
A-run04|Agent-F|R4,A,Qwen3 32B,4,,true,,,,,,0,0,0,0,0,0,0,0,0,0,0,0
2026-03-04-00h40-SA-run1|Agent-A|R8,A,LLaMA 3.3 70B,8,,,true,,true,,,0,0,1,0,0,0,0,0,1,0,1,0
A-run08|Agent-E|R5,A,Kimi K2,5,,true,,,,,,0,1,0,0,0,0,0,1,0,0,0,0
A-run05|Agent-D|R10,A,LLaMA 4 Maverick,10,,,,true,true,,,0,0,0,1,1,0,0,0,0,0,1,0
A-run03|Agent-H|R3,A,LLaMA 4 Scout,3,,,true,true,,,,0,0,1,1,0,0,0,0,1,0,0,0
A-run07|Agent-A|R3,A,LLaMA 3.3 70B,3,,true,,,,,,0,0,0,0,0,0,0,0,0,0,0,0
A-run19|Agent-A|R9,A,LLaMA 3.3 70B,9,,,,true,,,,0,0,0,1,0,0,0,0,0,1,0,0
A-run09|Agent-D|R3,A,LLaMA 4 Maverick,3,,,true,,,,,0,0,1,0,0,0,0,0,1,0,0,0
A-run09|Agent-D|R2,A,LLaMA 4 Maverick,2,,,true,,,,,0,0,1,0,0,0,0,0,1,0,0,0
A-run12|Agent-B|R4,A,GPT-OSS 120B,4,,,,true,,,,0,0,0,1,0,0,0,0,0,1,0,0
A-run08|Agent-A|R5,A,LLaMA 3.3 70B,5,,true,,true,,,,0,1,0,0,0,0,0,0,0,1,0,0
A-run15|Agent-F|R8,A,Qwen3 32B,8,,,,true,,,,0,0,0,1,0,0,0,0,0,1,0,0
2026-03-04-00h40-SA-run1|Agent-H|R7,A,LLaMA 4 Scout,7,true,,,,,,,1,0,0,0,0,0,1,0,0,0,0,0
A-run01|Agent-B|R0,A,GPT-OSS 120B,0,,,,true,,,,0,0,0,1,0,0,0,0,0,1,0,0
A-run04|Agent-F|R2,A,Qwen3 32B,2,,,,true,,,,0,0,0,1,0,0,0,0,0,1,0,0
A-run15|Agent-F|R7,A,Qwen3 32B,7,,,,true,,,,0,0,0,1,0,0,0,0,0,1,0,0
A-run19|Agent-A|R4,A,LLaMA 3.3 70B,4,,,,true,,,,0,0,0,1,0,0,0,0,0,1,0,0
B-run10|Hotel|R1,B,Hotel,1,,,,,true,,,0,0,0,0,1,0,0,0,0,0,1,0
B-run06|Hotel|R2,B,Hotel,2,,,,,true,,,0,0,0,0,1,0,0,0,0,0,1,0
B-run05|Delta|R1,B,Delta,1,,,,true,true,,,0,0,0,1,1,0,0,0,0,1,1,0
B-run09|Golf|R0,B,Golf,0,,,,,true,,,0,0,0,0,1,0,0,0,0,0,1,0
B-run06|Delta|R0,B,Delta,0,,,,,true,,,0,0,0,0,1,0,0,0,0,0,1,0
B-run03|Charlie|R7,B,Charlie,7,true,,,,,,,0,1,0,0,0,0,0,1,0,0,0,0
B-run08|Golf|R4,B,Golf,4,,,,,true,,,0,0,0,0,1,0,0,0,0,0,1,0
B-run11|Charlie|R1,B,Charlie,1,,,,true,true,,,0,0,0,0,1,0,0,0,0,0,1,0
B-run08|Bravo|R3,B,Bravo,3,,,true,,true,,,0,0,1,0,1,0,0,0,1,0,1,0
B-run19|Charlie|R0,B,Charlie,0,,,,true,true,,,0,0,0,1,1,0,0,0,0,1,1,0
B-run10|Charlie|R2,B,Charlie,2,,,,,true,,,0,0,0,0,1,0,0,0,0,0,1,0
B-run14|Echo|R2,B,Echo,2,,true,,,,,,0,1,0,0,0,0,0,1,0,0,0,0
B-run02|Hotel|R1,B,Hotel,1,,,,,true,,,0,0,0,0,0,0,0,0,0,0,0,0
B-run04|Charlie|R2,B,Charlie,2,,,,,true,,,0,0,0,0,1,0,0,0,0,0,1,0
B-run07|Hotel|R4,B,Hotel,4,,true,true,,,,,0,1,1,0,0,0,0,1,1,0,0,0
B-run08|Bravo|R1,B,Bravo,1,,,,,true,,,0,0,0,0,1,0,0,0,0,0,1,0
B-run15|Delta|R3,B,Delta,3,,,,,true,,,0,0,0,0,1,0,0,0,0,0,1,0
B-run06|Golf|R1,B,Golf,1,,,,,true,,,0,0,0,0,1,0,0,0,0,0,1,0
B-run20|Hotel|R7,B,Hotel,7,,true,,,,,,0,1,0,0,0,0,0,1,0,0,0,0
B-run14|Echo|R5,B,Echo,5,true,,,,,,,1,0,0,0,0,0,1,0,0,0,0,0
B-run05|Hotel|R3,B,Hotel,3,,true,,,,,,0,0,0,0,0,0,0,0,0,0,0,0
B-run16|Golf|R0,B,Golf,0,,,,true,,,,0,0,0,0,0,0,0,0,0,0,0,0
B-run14|Bravo|R3,B,Bravo,3,,true,,,,,,0,1,0,0,0,0,0,1,0,0,0,0
B-run03|Foxtrot|R1,B,Foxtrot,1,,,,,true,,,0,0,0,0,1,0,0,0,0,0,1,0
B-run13|Hotel|R0,B,Hotel,0,,,,true,true,,,0,0,0,1,1,0,0,0,0,1,1,0
B-run10|Golf|R2,B,Golf,2,,,,,true,,,0,0,0,0,1,0,0,0,0,0,1,0
B-run12|Bravo|R2,B,Bravo,2,,,,,true,,,0,0,0,0,1,0,0,0,0,0,1,0
B-run03|Echo|R4,B,Echo,4,,true,,,,,,0,1,0,0,0,0,0,1,0,0,0,0
B-run17|Echo|R4,B,Echo,4,,,,,true,,,0,0,0,0,0,0,0,0,0,0,0,0
B-run13|Delta|R4,B,Delta,4,,true,,,,,,0,0,0,0,0,0,0,0,0,0,0,0
B-run03|Echo|R2,B,Echo,2,,,,,true,,,0,0,0,0,1,0,0,0,0,0,1,0
B-run04|Bravo|R4,B,Bravo,4,,,,,true,,,0,0,0,0,1,0,0,0,0,0,1,0
B-run01|Foxtrot|R6,B,Foxtrot,6,,true,,,,,,0,1,0,0,0,0,0,1,0,0,0,0
B-run13|Echo|R2,B,Echo,2,,,,,true,,,0,0,0,0,0,0,0,0,0,0,0,0
B-run19|Alpha|R4,B,Alpha,4,,true,,,false,,,0,0,0,0,0,0,0,0,0,0,0,0
B-run03|Alpha|R8,B,Alpha,8,false,true,,,,,,0,1,0,0,0,0,0,1,0,0,0,0
B-run11|Charlie|R0,B,Charlie,0,,true,,,,,,0,0,0,0,0,0,0,0,0,0,0,0
B-run01|Charlie|R4,B,Charlie,4,,true,,,,,,0,1,0,0,0,0,0,1,0,0,0,0
2026-03-04-01h56-SB-run1|Golf|R6,B,Golf,6,,true,,,,,,0,1,0,0,0,0,0,1,0,0,0,0
B-run14|Delta|R5,B,Delta,5,true,,,,,,,1,0,0,0,0,0,1,0,0,0,0,0
B-run06|Charlie|R4,B,Charlie,4,,,,,true,,,0,0,0,0,1,0,0,0,0,0,1,0
B-run05|Echo|R1,B,Echo,1,,,,,true,,,0,0,0,0,1,0,0,0,0,0,1,0
B-run14|Foxtrot|R6,B,Foxtrot,6,true,,,,,,,1,0,0,0,0,0,1,0,0,0,0,0
B-run05|Golf|R2,B,Golf,2,,,,true,true,,,0,0,0,1,1,0,0,0,0,1,1,0
2026-03-04-01h56-SB-run1|Hotel|R3,B,Hotel,3,,,true,,,,,0,0,1,0,0,0,0,0,1,0,0,0
B-run07|Delta|R4,B,Delta,4,,true,true,,,,,0,1,1,0,0,0,0,1,1,0,0,0
C-run18|LLaMA 4 Scout|R5,C,LLaMA 4 Scout,5,,true,,true,,,,0,1,0,1,0,0,0,1,0,1,0,0
C-run02|LLaMA 4 Scout|R3,C,LLaMA 4 Scout,3,,,,true,true,,,0,0,0,1,1,0,0,0,0,1,1,0
C-run04|LLaMA 4 Maverick|R8,C,LLaMA 4 Maverick,8,,true,,,,,,0,0,0,0,0,0,0,1,0,0,0,0
C-run06|LLaMA 3.3 70B|R3,C,LLaMA 3.3 70B,3,,,,true,true,false,L2,0,0,0,1,0,0,0,0,0,0,1,0
C-run20|LLaMA 3.3 70B|R0,C,LLaMA 3.3 70B,0,,true,,,,,,0,0,0,0,0,0,0,0,0,0,0,0
C-run20|LLaMA 3.3 70B|R4,C,LLaMA 3.3 70B,4,,,,true,true,false,L2,0,0,0,1,0,0,0,0,0,0,1,0
2026-03-04-02h44-SC-run1|LLaMA 3.3 70B|R9,C,LLaMA 3.3 70B,9,,true,,,,,,0,1,0,0,0,0,0,1,0,0,0,0
C-run05|LLaMA 4 Maverick|R6,C,LLaMA 4 Maverick,6,,,,true,,,,0,0,0,1,0,0,0,0,0,1,0,0
C-run09|GPT-OSS 20B|R6,C,GPT-OSS 20B,6,,true,,,,,,0,0,0,0,0,0,0,0,0,0,0,0
C-run04|Kimi K2|R8,C,Kimi K2,8,,true,,true,,,,0,1,0,1,0,0,0,1,0,0,0,0
2026-03-04-02h44-SC-run1|LLaMA 4 Maverick|R4,C,LLaMA 4 Maverick,4,,,,,,true,L1,0,0,0,0,0,1,0,0,0,0,0,1
C-run17|LLaMA 4 Maverick|R3,C,LLaMA 4 Maverick,3,,,true,true,,,,0,0,0,1,1,0,0,0,0,1,1,0
C-run11|GPT-OSS 20B|R5,C,GPT-OSS 20B,5,,true,,true,,,,0,0,0,1,0,0,0,0,0,0,0,0
C-run20|GPT-OSS 120B|R6,C,GPT-OSS 120B,6,,,true,true,,,,0,0,1,1,0,0,0,0,1,1,0,0
C-run08|LLaMA 4 Scout|R7,C,LLaMA 4 Scout,7,,,true,true,,,,0,0,1,1,0,0,0,0,1,1,0,0
C-run17|LLaMA 3.3 70B|R6,C,LLaMA 3.3 70B,6,,,,true,,,,0,0,0,1,0,0,0,0,0,1,0,0
C-run05|LLaMA 4 Maverick|R0,C,LLaMA 4 Maverick,0,,,,,true,,,0,0,0,0,1,0,0,0,0,0,1,0
C-run04|GPT-OSS 120B|R8,C,GPT-OSS 120B,8,,true,false,true,,,,0,1,0,1,0,0,0,1,0,1,0,0
C-run20|LLaMA 4 Maverick|R3,C,LLaMA 4 Maverick,3,,,,true,,,,0,0,0,1,0,0,0,0,0,1,0,0
C-run13|GPT-OSS 120B|R2,C,GPT-OSS 120B,2,,true,,,,,,0,0,0,0,0,0,0,0,0,0,0,0
C-run12|Qwen3 32B|R9,C,Qwen3 32B,9,,,,true,,,,0,0,0,1,0,0,0,0,0,1,0,0
C-run20|Qwen3 32B|R2,C,Qwen3 32B,2,,,true,true,,,,0,0,1,1,0,0,0,0,1,1,0,0
C-run13|LLaMA 4 Scout|R2,C,LLaMA 4 Scout,2,,true,,,,,,0,0,0,0,0,0,0,0,0,0,0,0
C-run08|GPT-OSS 120B|R5,C,GPT-OSS 120B,5,,true,,true,,,,0,1,1,1,0,0,0,0,0,1,0,0
C-run02|Qwen3 32B|R2,C,Qwen3 32B,2,,,true,,,,,0,0,0,0,0,0,0,0,1,0,0,0
C-run05|LLaMA 4 Maverick|R1,C,LLaMA 4 Maverick,1,,true,,true,,,,0,1,0,1,0,0,0,1,0,1,0,0
C-run03|LLaMA 3.3 70B|R3,C,LLaMA 3.3 70B,3,,,true,true,true,,,0,0,0,1,1,0,0,0,1,1,1,0
C-run03|LLaMA 3.3 70B|R8,C,LLaMA 3.3 70B,8,,,,true,true,,,0,0,1,1,1,0,0,0,1,1,1,0
C-run03|LLaMA 3.3 70B|R6,C,LLaMA 3.3 70B,6,,,true,true,true,,,0,0,1,1,1,0,0,0,1,1,1,0
C-run07|GPT-OSS 20B|R6,C,GPT-OSS 20B,6,,,,,,,,0,0,0,0,0,0,0,0,0,0,0,0
C-run10|Qwen3 32B|R5,C,Qwen3 32B,5,,true,true,true,,,,0,1,1,1,0,0,0,1,1,1,0,0
C-run01|LLaMA 4 Scout|R7,C,LLaMA 4 Scout,7,,true,,,,,,0,0,0,0,0,0,0,1,0,0,0,0
C-run13|LLaMA 4 Maverick|R6,C,LLaMA 4 Maverick,6,,,,true,true,,,0,0,0,1,1,0,0,0,0,1,1,0
C-run04|LLaMA 4 Maverick|R5,C,LLaMA 4 Maverick,5,,,,,,,,0,0,0,0,0,0,0,0,0,0,0,0
C-run07|Kimi K2|R9,C,Kimi K2,9,,,,true,,,,0,0,0,1,0,0,0,0,0,1,0,0
C-run06|Qwen3 32B|R9,C,Qwen3 32B,9,,true,,,,true,L1,0,1,0,0,0,1,0,1,0,0,0,1
C-run20|Qwen3 32B|R7,C,Qwen3 32B,7,,,true,true,,,,0,0,1,1,0,0,0,0,1,1,0,0
C-run11|Qwen3 32B|R10,C,Qwen3 32B,10,,,true,true,,,,0,0,1,1,0,0,0,0,1,1,0,0
C-run20|GPT-OSS 20B|R0,C,GPT-OSS 20B,0,,true,,false,,,,0,0,0,0,0,0,0,0,0,0,0,0
C-run10|LLaMA 3.3 70B|R7,C,LLaMA 3.3 70B,7,,true,,,,,,0,1,0,0,0,0,0,1,0,0,0,0
2026-03-04-02h44-SC-run1|LLaMA 3.3 70B|R10,C,LLaMA 3.3 70B,10,,true,,,,,,0,1,0,0,0,0,0,1,0,0,0,0
C-run01|Kimi K2|R10,C,Kimi K2,10,true,,,,,,,1,0,0,0,0,0,1,0,0,0,0,0
C-run10|GPT-OSS 120B|R9,C,GPT-OSS 120B,9,,true,,,,,,0,1,0,0,0,0,0,1,0,0,0,0
C-run12|LLaMA 4 Maverick|R2,C,LLaMA 4 Maverick,2,,,,true,,,,0,0,0,1,0,0,0,0,0,1,0,0
C-run09|LLaMA 3.3 70B|R3,C,LLaMA 3.3 70B,3,,,true,false,,,,0,0,0,0,0,0,0,0,0,0,0,0
C-run11|LLaMA 4 Scout|R5,C,LLaMA 4 Scout,5,,,true,true,,,,0,0,1,1,0,0,0,0,1,1,0,0
C-run03|LLaMA 3.3 70B|R4,C,LLaMA 3.3 70B,4,,,true,true,true,,,0,0,0,1,1,0,0,0,1,1,1,0
C-run16|LLaMA 4 Maverick|R1,C,LLaMA 4 Maverick,1,,true,,true,,,,0,0,0,0,0,0,0,0,0,1,0,0
C-run04|GPT-OSS 20B|R8,C,GPT-OSS 20B,8,,true,,,,,,0,0,0,0,0,0,0,1,0,0,0,0
C-run12|GPT-OSS 120B|R3,C,GPT-OSS 120B,3,,,,true,,,,0,0,0,1,0,0,0,0,0,1,0,0
C-run10|LLaMA 4 Maverick|R8,C,LLaMA 4 Maverick,8,,true,,,,,,0,1,0,0,0,0,0,1,0,0,0,0
C-run19|Kimi K2|R3,C,Kimi K2,3,,true,,true,,,,0,1,1,1,0,0,0,0,0,1,0,0
C-run02|GPT-OSS 20B|R4,C,GPT-OSS 20B,4,,,,true,,,,0,0,0,1,0,0,0,0,0,1,0,0
C-run16|LLaMA 4 Maverick|R3,C,LLaMA 4 Maverick,3,,true,,,,,,0,0,0,0,0,0,0,0,0,0,0,0
C-run17|LLaMA 4 Scout|R6,C,LLaMA 4 Scout,6,,true,,true,,,,0,0,0,0,0,0,0,0,0,0,0,0
C-run20|GPT-OSS 120B|R9,C,GPT-OSS 120B,9,,,true,true,,,,0,0,1,1,0,0,0,0,0,1,0,0
C-run10|Qwen3 32B|R4,C,Qwen3 32B,4,,true,,true,,,,0,1,0,1,0,0,0,1,0,1,0,0
C-run08|GPT-OSS 120B|R2,C,GPT-OSS 120B,2,,,true,true,,,,0,0,1,1,0,0,0,0,0,1,0,0
C-run17|GPT-OSS 20B|R0,C,GPT-OSS 20B,0,,true,,,,,,0,0,0,0,0,0,0,0,0,0,0,0
C-run07|GPT-OSS 120B|R4,C,GPT-OSS 120B,4,,,,true,,,,0,0,0,1,0,0,0,0,0,1,0,0
C-run05|LLaMA 4 Maverick|R8,C,LLaMA 4 Maverick,8,,,,true,,,,0,0,0,1,0,0,0,0,0,1,0,0
C-run10|LLaMA 4 Maverick|R6,C,LLaMA 4 Maverick,6,,true,,,,,,0,1,0,0,0,0,0,1,0,0,0,0
2026-03-04-02h44-SC-run1|LLaMA 4 Maverick|R3,C,LLaMA 4 Maverick,3,,,,true,,,,0,0,0,0,0,0,0,0,0,1,0,0
C-run15|LLaMA 4 Maverick|R2,C,LLaMA 4 Maverick,2,,true,,,,,,0,0,0,0,0,0,0,0,0,0,0,0
C-run15|GPT-OSS 20B|R8,C,GPT-OSS 20B,8,false,true,,,,,,1,1,0,0,0,0,0,1,0,0,0,0
2026-03-04-02h44-SC-run1|LLaMA 4 Maverick|R7,C,LLaMA 4 Maverick,7,,true,,,,,,0,1,0,0,0,0,0,1,0,0,0,0
C-run19|LLaMA 3.3 70B|R0,C,LLaMA 3.3 70B,0,,true,,true,,,,0,0,0,0,0,0,0,0,0,0,0,0
E-run21|Agent-A|R3,E,Kimi K2,3,,,,true,,true,L1,0,0,0,1,0,1,0,0,0,1,0,1
E-run08|Agent-H|R4,E,LLaMA 4 Scout,4,,true,,,true,,,0,1,0,0,0,0,0,0,0,0,0,0
E-run18|Agent-E|R2,E,GPT-OSS 20B,2,,,true,true,,,,0,0,1,1,0,0,0,0,0,0,0,0
E-run08|Agent-D|R2,E,LLaMA 3.3 70B,2,,true,,,true,,,0,1,0,0,1,0,0,0,0,0,1,0
E-run15|Agent-D|R10,E,Kimi K2,10,,true,,false,,,,0,0,0,1,0,0,0,0,0,0,0,0
E-run12|Agent-H|R0,E,LLaMA 4 Maverick,0,,true,,,,,,0,0,0,0,0,0,0,0,0,0,0,0
E-run21|Agent-C|R6,E,GPT-OSS 20B,6,,,true,true,,,,0,0,1,1,0,0,0,0,1,1,0,0
E-run21|Agent-G|R4,E,Qwen3 32B,4,,,,true,,true,L2,0,0,0,1,0,1,0,0,0,1,0,1
E-run17|Agent-A|R4,E,LLaMA 4 Scout,4,,true,,,,,,0,0,0,0,0,0,0,0,0,0,0,0
E-run16|Agent-F|R10,E,Kimi K2,10,,true,,true,,,,0,1,0,1,0,0,0,0,0,0,0,0
E-run06|Agent-H|R7,E,GPT-OSS 120B,7,,,,true,,,,0,0,0,1,0,0,0,0,0,1,0,0
E-run20|Agent-E|R1,E,GPT-OSS 120B,1,,,true,false,,,,0,0,0,0,0,0,0,0,0,0,0,0
E-run18|Agent-C|R6,E,GPT-OSS 120B,6,,,true,true,,,,0,0,1,1,0,0,0,0,0,1,0,0
E-run05|Agent-D|R2,E,LLaMA 4 Scout,2,,true,true,true,true,,,0,0,1,1,1,0,0,0,1,0,1,0
E-run01|Agent-G|R4,E,Qwen3 32B,4,,,,true,true,,,0,0,0,1,0,0,0,0,0,0,1,0
E-run14|Agent-D|R2,E,GPT-OSS 20B,2,,,,true,,,,0,0,0,1,0,0,0,0,0,1,0,0
E-run05|Agent-H|R0,E,GPT-OSS 20B,0,,,,true,,,,0,0,0,1,0,0,0,0,0,1,0,0
E-run13|Agent-F|R8,E,LLaMA 4 Scout,8,,,,true,,,,0,0,0,1,0,0,0,0,0,1,0,0
E-run08|Agent-F|R10,E,GPT-OSS 120B,10,,,true,true,,,,0,0,1,1,0,0,0,0,0,1,0,0
E-run05|Agent-G|R5,E,GPT-OSS 120B,5,,,,true,,,,0,0,0,1,0,0,0,0,0,1,0,0
E-run07|Agent-E|R5,E,LLaMA 4 Maverick,5,,true,,,,,,0,0,0,0,0,0,0,0,0,0,0,0
E-run10|Agent-F|R3,E,Qwen3 32B,3,,true,,true,,,,0,0,0,1,0,0,0,0,0,0,0,0
E-run09|Agent-F|R4,E,LLaMA 4 Maverick,4,,,,,true,,,0,0,0,0,1,0,0,0,0,0,1,0
E-run05|Agent-C|R10,E,Qwen3 32B,10,,true,,,,,,0,0,0,0,0,0,0,0,0,0,0,0
E-run07|Agent-C|R3,E,GPT-OSS 120B,3,,,,true,,,,0,0,0,0,0,0,0,0,0,1,0,0
E-run04|Agent-D|R7,E,GPT-OSS 20B,7,,,true,,,,,0,0,1,0,0,0,0,0,1,0,0,0
E-run15|Agent-C|R3,E,GPT-OSS 20B,3,,,,true,,,,0,0,0,1,0,0,0,0,0,0,0,0
E-run13|Agent-H|R7,E,GPT-OSS 120B,7,,,true,true,,,,0,0,1,1,0,0,0,0,0,0,0,0
E-run10|Agent-B|R7,E,LLaMA 3.3 70B,7,,true,,,,,,0,1,0,0,0,0,0,1,0,0,0,0
E-run07|Agent-E|R6,E,LLaMA 4 Maverick,6,,,,true,,true,L1,0,0,0,1,0,1,0,0,0,1,0,1
E-run16|Agent-H|R10,E,GPT-OSS 20B,10,,true,,,,,,0,0,0,0,0,0,0,0,0,0,0,0
E-run19|Agent-G|R9,E,GPT-OSS 20B,9,,,,true,,,,0,0,0,1,0,0,0,0,0,1,1,0
E-run12|Agent-F|R5,E,Qwen3 32B,5,,,,true,,,,0,0,0,1,0,0,0,0,0,0,0,0
E-run19|Agent-D|R5,E,Qwen3 32B,5,,,,true,,,,0,0,0,1,0,0,0,0,0,0,0,0
E-run02|Agent-F|R3,E,GPT-OSS 120B,3,,,true,true,,,,0,0,1,1,0,0,0,0,0,0,0,0
E-run12|Agent-E|R6,E,Kimi K2,6,,,,true,,,,0,0,0,1,0,0,0,0,0,0,0,0
E-run21|Agent-D|R7,E,LLaMA 3.3 70B,7,,,,,true,,,0,0,0,0,1,0,0,0,0,0,1,0
E-run07|Agent-E|R2,E,LLaMA 4 Maverick,2,,,,,,true,L1,0,0,0,1,0,1,0,0,0,0,0,1
E-run06|Agent-A|R1,E,LLaMA 4 Maverick,1,,true,,,,,,0,0,0,0,0,0,0,0,0,0,0,0
E-run07|Agent-H|R9,E,GPT-OSS 20B,9,,,true,true,,,,0,0,1,1,0,0,0,0,1,0,0,0
E-run07|Agent-H|R5,E,GPT-OSS 20B,5,,,,true,true,,,0,0,0,1,1,0,0,0,0,1,1,0
E-run03|Agent-D|R2,E,LLaMA 4 Scout,2,,true,,,,,,0,1,0,0,0,0,0,0,0,0,0,0
E-run01|Agent-G|R8,E,Qwen3 32B,8,,true,,,,,,0,0,0,0,0,0,0,0,0,0,0,0
E-run01|Agent-G|R3,E,Qwen3 32B,3,,,,true,,,,0,0,0,1,0,0,0,0,0,1,0,0
E-run21|Agent-E|R7,E,GPT-OSS 120B,7,,,,true,,,,0,0,0,0,0,0,0,0,0,1,0,0
E-run05|Agent-F|R6,E,LLaMA 4 Maverick,6,,true,,,,,,0,0,0,0,0,0,0,0,0,0,0,0
E-run01|Agent-D|R7,E,GPT-OSS 120B,7,,,true,,,,,0,0,1,0,0,0,0,0,0,0,0,0
E-run18|Agent-C|R5,E,GPT-OSS 120B,5,,,true,true,,,,0,0,1,1,0,0,0,0,0,0,0,0
E-run14|Agent-G|R10,E,LLaMA 4 Maverick,10,,,,true,,,,0,0,0,1,0,0,0,0,0,1,0,0
E-run11|Agent-B|R4,E,GPT-OSS 20B,4,,,false,true,,,,0,0,1,0,0,0,0,0,0,0,0,0
E-run08|Agent-A|R0,E,LLaMA 4 Maverick,0,,,,true,,,,0,0,0,0,0,0,0,0,0,0,0,0
E-run03|Agent-A|R10,E,LLaMA 3.3 70B,10,,,,true,,,,0,0,0,0,0,0,0,0,0,0,0,0
E-run15|Agent-C|R6,E,GPT-OSS 20B,6,,,true,true,,,,0,0,1,1,0,0,0,0,1,1,0,0
E-run16|Agent-F|R8,E,Kimi K2,8,,true,true,true,,,,0,1,0,1,0,0,0,0,0,0,0,0
E-run01|Agent-E|R9,E,Kimi K2,9,,true,,,,,,0,1,0,0,0,0,0,0,0,0,0,0
E-run06|Agent-A|R8,E,LLaMA 4 Maverick,8,,,,true,,,,0,0,0,1,0,0,0,0,0,1,0,0
E-run07|Agent-A|R5,E,LLaMA 3.3 70B,5,,,,,true,,,0,0,0,0,0,0,0,0,0,0,1,0
E-run09|Agent-G|R8,E,GPT-OSS 20B,8,,,true,true,,,,0,0,0,0,0,0,0,0,1,1,0,0
E-run14|Agent-E|R6,E,GPT-OSS 120B,6,,,,true,,,,0,0,0,1,0,0,0,0,0,1,0,0
E-run15|Agent-D|R0,E,Kimi K2,0,,,,true,true,,,0,0,0,1,1,0,0,0,0,0,0,0
E-run13|Agent-D|R8,E,Kimi K2,8,,,true,true,,,,0,0,1,1,0,0,0,0,0,0,0,0
E-run12|Agent-G|R1,E,LLaMA 4 Scout,1,,,,true,,,,0,0,0,1,0,0,0,0,0,1,0,0
E-run10|Agent-G|R4,E,LLaMA 4 Scout,4,,true,,,,,,0,1,0,0,0,0,0,1,0,0,0,0
E-run04|Agent-B|R1,E,Kimi K2,1,,,,true,,,,0,0,0,1,0,0,0,0,0,1,0,0
E-run02|Agent-H|R6,E,LLaMA 3.3 70B,6,,,true,true,true,,,0,0,1,1,0,0,0,0,0,1,1,0
E-run09|Agent-F|R9,E,LLaMA 4 Maverick,9,,true,,true,,,,0,1,0,1,0,0,0,1,0,1,0,0
E-run02|Agent-A|R0,E,Qwen3 32B,0,,,,true,,,,0,0,0,1,0,0,0,0,0,1,0,0
F-run17|Agent-B|R0,F,GPT-OSS 120B,0,,true,,,,,,0,0,0,0,0,0,0,0,0,0,0,0
F-run02|Agent-H|R0,F,LLaMA 4 Scout,0,,,,true,,,,0,0,0,1,0,0,0,0,0,1,0,0
F-run12|Agent-A|R0,F,LLaMA 3.3 70B,0,,true,,,,,,0,0,0,0,0,0,0,0,0,0,0,0
F-run14|Agent-C|R0,F,GPT-OSS 20B,0,,true,,,,,,0,0,0,0,0,0,0,0,0,0,0,0
F-run08|Agent-B|R0,F,GPT-OSS 120B,0,,true,,,,,,0,0,0,0,0,0,0,0,0,0,0,0
F-run01|Agent-F|R0,F,Qwen3 32B,0,,,,true,,,,0,0,0,0,0,0,0,0,0,0,0,0
F-run19|Agent-C|R0,F,GPT-OSS 20B,0,,,,true,,,,0,0,0,1,0,0,0,0,0,1,0,0
F-run09|Agent-D|R0,F,LLaMA 4 Maverick,0,,true,,true,,,,0,0,0,0,0,0,0,0,0,0,0,0
F-run09|Agent-H|R0,F,LLaMA 4 Scout,0,,,,true,,,,0,0,0,0,0,0,0,0,0,0,0,0
F-run02|Agent-F|R0,F,Qwen3 32B,0,,,,true,,,,0,0,0,0,0,0,0,0,0,0,0,0
F-run07|Agent-C|R0,F,GPT-OSS 20B,0,,,,true,,,,0,0,0,1,0,0,0,0,0,1,0,0
F-run11|Agent-D|R0,F,LLaMA 4 Maverick,0,,true,,,,,,0,0,0,0,0,0,0,0,0,0,0,0
F-run13|Agent-E|R0,F,Kimi K2,0,,false,,false,,,,0,0,0,0,0,0,0,0,0,0,0,0
F-run19|Agent-D|R0,F,LLaMA 4 Maverick,0,,,,false,,,,0,0,0,0,0,0,0,0,0,0,0,0
F-run14|Agent-H|R0,F,LLaMA 4 Scout,0,,,,false,,,,0,0,0,0,0,0,0,0,0,0,0,0
F-run09|Agent-A|R0,F,LLaMA 3.3 70B,0,,,,false,,,,0,0,0,0,0,0,0,0,0,0,0,0
F-run03|Agent-E|R0,F,Kimi K2,0,,,,false,,,,0,0,0,0,0,0,0,0,0,0,0,0
F-run10|Agent-B|R0,F,GPT-OSS 120B,0,,,,,,,,0,0,0,0,0,0,0,0,0,0,0,0
F-run18|Agent-C|R0,F,GPT-OSS 20B,0,,,,,,,,0,0,0,0,0,0,0,0,0,0,0,0
F-run10|Agent-H|R0,F,LLaMA 4 Scout,0,,,,,,,,0,0,0,0,0,0,0,0,0,0,0,0
G-run15|Agent-A|R6,G,LLaMA 3.3 70B,6,,true,,,,,,0,0,0,0,0,0,0,0,0,0,0,0
G-run19|Agent-E|R3,G,Kimi K2,3,,,,true,,,,0,0,0,1,0,0,0,0,0,0,0,0
G-run21|Agent-B|R1,G,GPT-OSS 120B,1,,true,,,,,,0,0,0,0,0,0,0,0,0,0,0,0
G-run21|Agent-D|R9,G,LLaMA 4 Maverick,9,,,,true,,,,0,0,0,1,0,0,0,0,0,1,0,0
G-run12|Agent-A|R0,G,LLaMA 3.3 70B,0,,,true,,,,,0,0,1,0,0,0,0,0,1,0,0,0
G-run11|Agent-E|R10,G,Kimi K2,10,true,false,,,,,,1,0,0,0,0,0,1,0,0,0,0,0
G-run14|Agent-B|R9,G,GPT-OSS 120B,9,,,,true,,,,0,0,0,1,0,0,0,0,0,0,0,0
G-run13|Agent-F|R5,G,Qwen3 32B,5,,,true,,,,,0,0,1,0,0,0,0,0,0,0,0,0
G-run05|Agent-A|R9,G,LLaMA 3.3 70B,9,,true,,,,,,0,1,0,0,0,0,0,0,0,0,0,0
G-run04|Agent-C|R4,G,GPT-OSS 20B,4,,true,,true,,,,0,0,0,0,0,0,0,0,0,0,0,0
G-run13|Agent-C|R4,G,GPT-OSS 20B,4,,,,true,,,,0,0,0,1,0,0,0,0,0,1,0,0
G-run16|Agent-H|R8,G,LLaMA 4 Scout,8,true,true,,,,,,1,1,0,0,0,0,1,1,0,0,0,0
G-run21|Agent-F|R5,G,Qwen3 32B,5,,,true,true,,,,0,0,1,0,0,0,0,0,0,0,0,0
G-run20|Agent-F|R3,G,Qwen3 32B,3,,,true,true,,,,0,0,0,0,0,0,0,0,0,0,0,0
G-run02|Agent-C|R0,G,GPT-OSS 20B,0,,,,true,,,,0,0,0,0,0,0,0,0,0,0,0,0
G-run04|Agent-E|R8,G,Kimi K2,8,true,,,,,,,1,0,0,0,0,0,1,0,0,0,0,0
G-run12|Agent-C|R4,G,GPT-OSS 20B,4,,,true,true,,,,0,0,1,0,0,0,0,0,1,1,0,0
G-run15|Agent-D|R0,G,LLaMA 4 Maverick,0,,,,,true,,,0,0,0,0,1,0,0,0,0,0,1,0
G-run07|Agent-H|R4,G,LLaMA 4 Scout,4,,true,,,,,,0,1,0,0,0,0,0,0,0,0,0,0
G-run01|Agent-B|R8,G,GPT-OSS 120B,8,,,,true,,,,0,0,0,1,0,0,0,0,0,1,0,0
G-run06|Agent-D|R10,G,LLaMA 4 Maverick,10,,,,true,,,,0,0,0,1,0,0,0,0,0,1,0,0
G-run07|Agent-C|R3,G,GPT-OSS 20B,3,,,,true,,,,0,0,0,1,0,0,0,0,0,1,0,0
G-run03|Agent-D|R6,G,LLaMA 4 Maverick,6,,true,,true,,,,0,1,0,1,0,0,0,1,0,1,0,0
G-run18|Agent-B|R0,G,GPT-OSS 120B,0,,,true,,,,,0,0,0,0,0,0,0,0,0,0,0,0
G-run06|Agent-C|R1,G,GPT-OSS 20B,1,,,,true,,,,0,0,0,1,0,0,0,0,0,1,0,0
G-run06|Agent-E|R9,G,Kimi K2,9,,,true,,,,,0,0,0,0,0,0,0,0,1,0,0,0
G-run21|Agent-C|R3,G,GPT-OSS 20B,3,,,,true,,,,0,0,0,1,0,0,0,0,0,1,0,0
G-run21|Agent-A|R6,G,LLaMA 3.3 70B,6,,,,true,,,,0,0,0,1,0,0,0,0,0,1,0,0
G-run21|Agent-D|R6,G,LLaMA 4 Maverick,6,,,,true,,,,0,0,0,0,0,0,0,0,0,0,0,0
G-run10|Agent-F|R9,G,Qwen3 32B,9,,,,true,,,,0,0,0,0,0,0,0,0,0,0,0,0
G-run03|Agent-C|R9,G,GPT-OSS 20B,9,,,,true,,,,0,0,0,1,0,0,0,0,0,1,0,0
G-run07|Agent-A|R8,G,LLaMA 3.3 70B,8,,,true,true,true,,,0,0,1,1,0,0,0,0,1,0,1,0
G-run12|Agent-A|R2,G,LLaMA 3.3 70B,2,,,false,true,true,,,0,0,0,0,0,0,0,0,0,0,0,0
G-run21|Agent-F|R10,G,Qwen3 32B,10,,true,,,,,,0,0,0,0,0,0,0,0,0,0,0,0
G-run13|Agent-D|R7,G,LLaMA 4 Maverick,7,,true,,,,,,0,0,0,0,0,0,0,0,0,0,0,0
G-run11|Agent-C|R6,G,GPT-OSS 20B,6,,,true,,,,,0,0,1,0,0,0,0,0,1,0,0,0
G-run05|Agent-A|R10,G,LLaMA 3.3 70B,10,,true,,,,,,0,0,0,0,0,0,0,0,0,0,0,0
G-run07|Agent-B|R10,G,GPT-OSS 120B,10,,,,true,,,,0,0,0,1,0,0,0,0,0,1,0,0
G-run06|Agent-F|R10,G,Qwen3 32B,10,,,,true,,,,0,0,0,1,0,0,0,0,0,1,0,0
G-run02|Agent-C|R1,G,GPT-OSS 20B,1,,,,true,,,,0,0,0,1,0,0,0,0,0,1,0,0
G-run09|Agent-H|R3,G,LLaMA 4 Scout,3,,true,,,,,,0,1,0,0,0,0,0,1,0,0,0,0
G-run12|Agent-D|R5,G,LLaMA 4 Maverick,5,,true,true,,,,,0,0,1,1,0,0,0,0,1,0,0,0
G-run13|Agent-C|R6,G,GPT-OSS 20B,6,,,,true,,,,0,0,0,1,0,0,0,0,0,1,0,0
G-run21|Agent-D|R4,G,LLaMA 4 Maverick,4,,,true,true,,,,0,0,1,0,0,0,0,0,1,1,0,0
G-run17|Agent-D|R9,G,LLaMA 4 Maverick,9,,true,,,,,,0,0,0,0,0,0,0,0,0,0,0,0
G-run05|Agent-D|R10,G,LLaMA 4 Maverick,10,,true,,,,,,0,1,0,0,0,0,0,0,0,0,0,0
G-run16|Agent-A|R3,G,LLaMA 3.3 70B,3,,true,true,,,,,0,1,1,0,0,0,0,0,0,0,0,0
G-run07|Agent-F|R4,G,Qwen3 32B,4,,,,true,,,,0,0,0,1,0,0,0,0,0,0,0,0
G-run05|Agent-H|R2,G,LLaMA 4 Scout,2,true,,,,,,,1,0,0,0,0,0,1,0,0,0,0,0
G-run17|Agent-F|R9,G,Qwen3 32B,9,,,,true,,,,0,0,0,0,0,0,0,0,0,0,0,0
G-run15|Agent-H|R10,G,LLaMA 4 Scout,10,,true,,,,,,0,0,0,0,0,0,0,0,0,0,0,0
G-run16|Agent-F|R3,G,Qwen3 32B,3,,,,true,,,,0,0,0,1,0,0,0,0,0,1,0,0
G-run09|Agent-D|R4,G,LLaMA 4 Maverick,4,,true,,,,,,0,1,0,0,0,0,0,1,0,0,0,0
G-run14|Agent-F|R1,G,Qwen3 32B,1,,,,true,,,,0,0,0,0,0,0,0,0,0,1,0,0
G-run05|Agent-A|R7,G,LLaMA 3.3 70B,7,,true,,,,,,0,0,0,0,0,0,0,0,0,0,0,0
G-run10|Agent-H|R5,G,LLaMA 4 Scout,5,,true,,,,,,0,1,0,0,0,0,0,1,0,0,0,0
G-run01|Agent-H|R7,G,LLaMA 4 Scout,7,,true,,,,,,0,0,0,0,0,0,0,0,0,0,0,0
G-run21|Agent-E|R2,G,Kimi K2,2,,,,true,true,,,0,0,0,1,1,0,0,0,0,1,0,0
G-run04|Agent-F|R4,G,Qwen3 32B,4,,,true,,,,,0,0,1,0,0,0,0,0,0,0,0,0
G-run20|Agent-F|R6,G,Qwen3 32B,6,,,,true,,,,0,0,0,1,0,0,0,0,0,0,0,0
G-run16|Agent-B|R7,G,GPT-OSS 120B,7,,true,,true,,,,0,1,0,0,0,0,0,1,0,1,0,0
G-run16|Agent-C|R5,G,GPT-OSS 20B,5,,true,,,,,,0,0,0,0,0,0,0,0,0,0,0,0
G-run18|Agent-C|R1,G,GPT-OSS 20B,1,,,,true,,,,0,0,0,1,0,0,0,0,0,1,0,0
G-run01|Agent-D|R10,G,LLaMA 4 Maverick,10,,true,,,,,,0,0,0,0,0,0,0,0,0,0,0,0
G-run12|Agent-C|R3,G,GPT-OSS 20B,3,,,true,true,,,,0,0,1,0,0,0,0,0,1,1,0,0
H-run06|Agent-B|R2,H,GPT-OSS 120B,2,,,true,,,,,0,0,0,0,0,0,0,0,0,0,0,0
H-run15|Agent-H|R1,H,LLaMA 4 Scout,1,,true,,,,,,0,0,0,0,0,0,0,0,0,0,0,0
H-run13|Agent-C|R7,H,GPT-OSS 20B,7,,,false,true,,,,0,0,0,0,0,0,0,0,0,0,0,0
H-run15|Agent-C|R1,H,GPT-OSS 20B,1,,true,,,,,,0,0,0,0,0,0,0,0,0,0,0,0
H-run01|Agent-H|R4,H,LLaMA 4 Scout,4,true,,,,,,,1,0,0,0,0,0,1,0,0,0,0,0
H-run07|Agent-E|R5,H,Kimi K2,5,,,true,false,,,,0,0,1,0,0,0,0,0,0,0,0,0
H-run03|Agent-C|R10,H,GPT-OSS 20B,10,,,true,,,,,0,0,1,0,0,0,0,0,1,0,0,0
H-run07|Agent-B|R2,H,GPT-OSS 120B,2,,,false,,,,,0,0,0,0,0,0,0,0,0,0,0,0
H-run02|Agent-H|R6,H,LLaMA 4 Scout,6,,,,,,,,0,0,0,0,0,0,0,0,0,0,0,0
H-run11|Agent-H|R2,H,LLaMA 4 Scout,2,,,,,,,,0,0,0,0,0,0,0,0,0,0,0,0
H-run09|Agent-A|R0,H,LLaMA 3.3 70B,0,,,,,,,,0,0,0,0,0,0,0,0,0,0,0,0
H-run14|Agent-A|R4,H,LLaMA 3.3 70B,4,,,,,true,,,0,0,0,0,1,0,0,0,0,0,1,0
H-run03|Agent-F|R3,H,Qwen3 32B,3,,,,,true,,,0,0,0,0,1,0,0,0,0,0,1,0
H-run06|Agent-C|R6,H,GPT-OSS 20B,6,,true,,,,,,0,0,0,0,0,0,0,0,0,0,0,0
H-run13|Agent-F|R10,H,Qwen3 32B,10,,true,,,,,,0,0,0,0,0,0,0,0,0,0,0,0
H-run10|Agent-C|R9,H,GPT-OSS 20B,9,,,true,,,,,0,0,1,0,0,0,0,0,0,0,0,0
H-run09|Agent-E|R9,H,Kimi K2,9,,true,,,,,,0,0,0,0,0,0,0,0,0,0,0,0
H-run06|Agent-B|R4,H,GPT-OSS 120B,4,,,true,,,,,0,0,1,0,0,0,0,0,0,0,0,0
H-run12|Agent-H|R3,H,LLaMA 4 Scout,3,true,,,,,,,1,0,0,0,0,0,1,0,0,0,0,0
H-run10|Agent-B|R4,H,GPT-OSS 120B,4,,,,,true,,,0,0,0,0,0,0,0,0,0,0,1,0
H-run04|Agent-H|R6,H,LLaMA 4 Scout,6,,true,,,,,,0,0,0,0,0,0,0,0,0,0,0,0
H-run13|Agent-A|R2,H,LLaMA 3.3 70B,2,,,,,true,,,0,0,0,0,0,0,0,0,0,0,1,0
H-run06|Agent-F|R7,H,Qwen3 32B,7,,true,,,,,,0,0,0,0,0,0,0,0,0,0,0,0
H-run12|Agent-C|R10,H,GPT-OSS 20B,10,,,,true,,,,0,0,0,0,0,0,0,0,0,0,0,0
H-run07|Agent-A|R6,H,LLaMA 3.3 70B,6,,,,true,,,,0,0,0,0,0,0,0,0,0,0,0,0
H-run01|Agent-C|R9,H,GPT-OSS 20B,9,,false,,,,,,0,0,0,0,0,0,0,0,0,0,0,0
H-run05|Agent-B|R3,H,GPT-OSS 120B,3,,true,,,,,,0,0,0,0,0,0,0,0,0,0,0,0
H-run02|Agent-B|R0,H,GPT-OSS 120B,0,,true,,,,,,0,0,0,0,0,0,0,0,0,0,0,0
H-run06|Agent-B|R1,H,GPT-OSS 120B,1,,,true,,,,,0,0,1,0,0,0,0,0,1,0,0,0
H-run03|Agent-A|R8,H,LLaMA 3.3 70B,8,,,true,,,,,0,0,1,0,0,0,0,0,1,0,0,0
H-run03|Agent-B|R1,H,GPT-OSS 120B,1,,,,,,,,0,0,0,0,0,0,0,0,0,0,0,0
H-run15|Agent-A|R1,H,LLaMA 3.3 70B,1,,,,,true,,,0,0,0,0,0,0,0,0,0,0,1,0
H-run08|Agent-H|R1,H,LLaMA 4 Scout,1,,,true,,,,,0,0,1,0,0,0,0,0,1,0,0,0
H-run10|Agent-C|R6,H,GPT-OSS 20B,6,,,true,,true,,,0,0,1,0,1,0,0,0,0,0,1,0
H-run02|Agent-D|R5,H,LLaMA 4 Maverick,5,,true,,,,,,0,0,0,0,0,0,0,0,0,0,0,0
H-run13|Agent-H|R6,H,LLaMA 4 Scout,6,true,,,,,,,1,0,0,0,0,0,1,0,0,0,0,0
H-run14|Agent-F|R9,H,Qwen3 32B,9,,true,,,,,,0,0,0,0,0,0,0,0,0,0,0,0
H-run05|Agent-A|R5,H,LLaMA 3.3 70B,5,,,,true,,,,0,0,0,0,0,0,0,0,0,0,0,0
H-run09|Agent-C|R1,H,GPT-OSS 20B,1,,,,,,,,0,0,0,0,0,0,0,0,0,0,0,0
H-run05|Agent-C|R8,H,GPT-OSS 20B,8,,,true,,,,,0,0,1,0,0,0,0,0,1,0,0,0
H-run12|Agent-H|R5,H,LLaMA 4 Scout,5,true,,,,,,,1,0,0,0,0,0,1,0,0,0,0,0
H-run14|Agent-D|R7,H,LLaMA 4 Maverick,7,,,,,,,,0,0,0,0,0,0,0,0,0,0,0,0
H-run12|Agent-C|R4,H,GPT-OSS 20B,4,,,,,,,,0,0,0,0,0,0,0,0,0,0,0,0
H-run10|Agent-H|R4,H,LLaMA 4 Scout,4,true,,,,,,,1,0,0,0,0,0,1,0,0,0,0,0
H-run02|Agent-B|R1,H,GPT-OSS 120B,1,,,,,,,,0,0,0,0,0,0,0,0,0,0,0,0
I-run10|Agent-A|R6,I,LLaMA 3.3 70B,6,,,true,true,,,,0,0,1,0,0,0,0,0,1,1,0,0
I-run05|Agent-D|R7,I,LLaMA 4 Maverick,7,,true,,,,,,0,1,0,0,0,0,0,1,0,0,0,0
I-run09|Agent-H|R9,I,LLaMA 4 Scout,9,,,,,,,,0,0,0,0,0,0,0,0,0,0,0,0
I-run10|Agent-H|R9,I,LLaMA 4 Scout,9,true,,,,,,,1,0,0,0,0,0,1,0,0,0,0,0
I-run08|Agent-H|R4,I,LLaMA 4 Scout,4,,true,,,,,,0,0,1,0,0,0,0,0,1,0,0,0
I-run03|Agent-C|R10,I,GPT-OSS 20B,10,,,,true,,,,0,0,0,0,0,0,0,0,0,0,0,0
I-run02|Agent-A|R4,I,LLaMA 3.3 70B,4,,,,true,,,,0,0,0,1,0,0,0,0,0,1,0,0
I-run05|Agent-D|R9,I,LLaMA 4 Maverick,9,,true,,,,,,0,1,0,0,0,0,0,1,0,0,0,0
I-run09|Agent-H|R0,I,LLaMA 4 Scout,0,,true,,,,,,0,0,0,0,0,0,0,0,0,0,0,0
I-run03|Agent-C|R1,I,GPT-OSS 20B,1,,,,true,,,,0,0,0,0,0,0,0,0,0,0,0,0
I-run08|Agent-B|R1,I,GPT-OSS 120B,1,,,,true,,,,0,0,0,1,0,0,0,0,0,1,0,0
I-run04|Agent-D|R0,I,LLaMA 4 Maverick,0,,,,,,,,0,0,0,0,0,0,0,0,0,0,0,0
I-run03|Agent-B|R9,I,GPT-OSS 120B,9,,,true,true,,,,0,0,1,1,0,0,0,0,0,0,0,0
I-run04|Agent-C|R9,I,GPT-OSS 20B,9,,,true,true,,,,0,0,1,1,0,0,0,0,1,0,0,0
I-run09|Agent-A|R8,I,LLaMA 3.3 70B,8,,,true,,,,,0,0,0,0,0,0,0,0,0,0,0,0
I-run06|Agent-D|R1,I,LLaMA 4 Maverick,1,,true,,,true,,,0,1,0,0,1,0,0,0,0,0,1,0
I-run08|Agent-H|R1,I,LLaMA 4 Scout,1,,true,,,,,,0,0,0,0,0,0,0,0,0,0,0,0
I-run07|Agent-D|R5,I,LLaMA 4 Maverick,5,,,,,,,,0,0,0,0,0,0,0,0,0,0,0,0
I-run11|Agent-C|R1,I,GPT-OSS 20B,1,,,,true,,,,0,0,0,1,0,0,0,0,0,1,0,0
I-run04|Agent-H|R0,I,LLaMA 4 Scout,0,true,,,,,,,1,0,0,0,0,0,1,0,0,0,0,0
I-run09|Agent-A|R9,I,LLaMA 3.3 70B,9,,,true,,,,,0,0,0,0,0,0,0,0,0,0,0,0
I-run08|Agent-D|R8,I,LLaMA 4 Maverick,8,,,,,true,,,0,0,0,0,1,0,0,0,0,0,1,0
I-run02|Agent-B|R2,I,GPT-OSS 120B,2,,,true,,,,,0,0,0,0,0,0,0,0,0,0,0,0
I-run03|Agent-F|R10,I,Qwen3 32B,10,,,true,true,,,,0,0,1,1,0,0,0,0,0,1,0,0
I-run05|Agent-E|R0,I,Kimi K2,0,,,,true,,,,0,0,0,0,0,0,0,0,0,0,0,0
I-run04|Agent-A|R0,I,LLaMA 3.3 70B,0,,,true,,,,,0,0,1,0,0,0,0,0,1,0,0,0
I-run06|Agent-H|R5,I,LLaMA 4 Scout,5,,true,,,,,,0,1,0,0,0,0,0,1,0,0,0,0
I-run10|Agent-B|R1,I,GPT-OSS 120B,1,,false,true,,,,,0,0,0,0,0,0,0,0,0,0,0,0
I-run05|Agent-C|R8,I,GPT-OSS 20B,8,true,false,,,,,,0,0,0,0,0,0,0,0,0,0,0,0
I-run07|Agent-H|R2,I,LLaMA 4 Scout,2,,,,,true,,,0,0,0,0,1,0,0,0,0,0,0,0
I-run02|Agent-H|R7,I,LLaMA 4 Scout,7,true,,,,,,,1,0,0,0,0,0,1,0,0,0,0,0
I-run06|Agent-D|R2,I,LLaMA 4 Maverick,2,,true,,,,,,0,0,0,0,0,0,0,0,0,0,0,0
I-run07|Agent-E|R0,I,Kimi K2,0,,,,true,,,,0,0,0,0,0,0,0,0,0,0,0,0
J-run04|Agent-C|R1,J,GPT-OSS 20B,1,,,true,,,,,0,0,0,0,0,0,0,0,1,0,0,0
J-run05|Agent-C|R14,J,GPT-OSS 20B,14,,,,,,,,0,0,0,0,0,0,0,0,0,0,0,0
2026-03-04-15h13-SJ-run1|Agent-A|R8,J,LLaMA 3.3 70B,8,,,,,,,,0,0,0,0,0,0,0,0,0,0,0,0
J-run10|Agent-C|R10,J,GPT-OSS 20B,10,,,,,true,,,0,0,0,0,0,0,0,0,0,0,1,0
J-run01|Agent-H|R1,J,LLaMA 4 Scout,1,,,,true,,,,0,1,0,1,0,0,0,0,0,1,0,0
J-run04|Agent-C|R13,J,GPT-OSS 20B,13,,,,true,,,,0,0,0,1,0,0,0,0,0,1,0,0
J-run07|Agent-B|R19,J,GPT-OSS 120B,19,,,,true,,,,0,0,0,1,0,0,0,0,0,1,0,0
J-run05|Agent-F|R20,J,Qwen3 32B,20,,true,,true,,,,0,0,0,0,0,0,0,0,0,0,0,0
J-run07|Agent-A|R12,J,LLaMA 3.3 70B,12,,true,,,,,,0,0,0,0,0,0,0,0,0,0,0,0
J-run10|Agent-H|R0,J,LLaMA 4 Scout,0,,true,,,,,,0,1,1,1,0,0,0,1,0,1,0,0
J-run06|Agent-B|R12,J,GPT-OSS 120B,12,,,,true,,,,0,0,0,1,0,0,0,0,0,1,0,0
J-run07|Agent-B|R2,J,GPT-OSS 120B,2,,,,true,,,,0,0,0,1,0,0,0,0,0,1,0,0
J-run04|Agent-C|R11,J,GPT-OSS 20B,11,,,true,true,,,,0,0,1,1,0,0,0,0,1,1,0,0
J-run06|Agent-D|R6,J,LLaMA 4 Maverick,6,,true,,,,,,0,1,0,0,0,0,0,0,0,0,0,0
J-run01|Agent-A|R6,J,LLaMA 3.3 70B,6,,true,,,true,,,0,1,0,0,0,0,0,1,0,0,1,0
J-run02|Agent-H|R19,J,LLaMA 4 Scout,19,,true,,,,,,0,1,0,0,0,0,0,1,0,0,0,0
J-run10|Agent-E|R0,J,Kimi K2,0,,,,true,,,,0,0,0,1,0,0,0,0,0,1,0,0
J-run08|Agent-H|R14,J,LLaMA 4 Scout,14,,true,,,,,,0,1,0,0,0,0,0,1,0,0,0,0
J-run01|Agent-A|R19,J,LLaMA 3.3 70B,19,,true,,,true,,,0,1,0,0,0,0,0,1,0,0,1,0
J-run07|Agent-C|R9,J,GPT-OSS 20B,9,,true,,,,,,0,0,0,0,0,0,0,0,0,0,0,0
2026-03-04-15h13-SJ-run1|Agent-F|R18,J,Qwen3 32B,18,,,,true,true,,,0,0,1,1,0,0,0,0,1,0,0,0
2026-03-04-15h13-SJ-run1|Agent-H|R10,J,LLaMA 4 Scout,10,,true,,,,,,0,0,0,0,0,0,0,0,0,0,0,0
J-run04|Agent-A|R18,J,LLaMA 3.3 70B,18,,,,true,false,,,0,0,0,1,0,0,0,0,0,1,0,0
J-run04|Agent-B|R19,J,GPT-OSS 120B,19,,,,true,true,,,0,0,0,1,0,0,0,0,0,1,1,0
J-run06|Agent-B|R2,J,GPT-OSS 120B,2,,,,,,,,0,0,0,0,0,0,0,0,0,0,0,0
J-run02|Agent-E|R1,J,Kimi K2,1,,,,true,,,,0,0,0,1,0,0,0,0,0,1,0,0
J-run04|Agent-C|R7,J,GPT-OSS 20B,7,,,,true,,,,0,0,0,1,0,0,0,0,0,1,0,0
J-run07|Agent-D|R18,J,LLaMA 4 Maverick,18,,true,,,,,,0,0,0,0,0,0,0,0,0,0,0,0
J-run05|Agent-F|R19,J,Qwen3 32B,19,,,,true,,,,0,0,0,1,0,0,0,0,0,1,0,0
2026-03-04-15h13-SJ-run1|Agent-C|R8,J,GPT-OSS 20B,8,,,,true,,,,0,0,0,1,0,0,0,0,0,1,0,0
J-run07|Agent-C|R3,J,GPT-OSS 20B,3,,,true,true,,,,0,0,1,1,0,0,0,0,1,1,0,0
J-run05|Agent-A|R0,J,LLaMA 3.3 70B,0,,,,,,,,0,0,0,0,0,0,0,0,0,0,0,0
J-run01|Agent-F|R17,J,Qwen3 32B,17,,true,,,true,,,0,0,0,0,0,0,0,1,0,0,1,0
J-run10|Agent-A|R2,J,LLaMA 3.3 70B,2,,,,true,,,,0,0,0,1,0,0,0,0,0,1,0,0
J-run05|Agent-B|R13,J,GPT-OSS 120B,13,,,true,,,,,0,0,0,0,0,0,0,0,0,0,0,0
J-run02|Agent-H|R17,J,LLaMA 4 Scout,17,,true,,true,,,,0,1,0,0,0,0,0,1,0,1,0,0
J-run08|Agent-C|R4,J,GPT-OSS 20B,4,,true,true,,,,,0,0,1,1,0,0,0,0,1,1,0,0
J-run02|Agent-B|R8,J,GPT-OSS 120B,8,,,,true,,,,0,0,0,1,0,0,0,0,0,0,0,0
J-run02|Agent-A|R15,J,LLaMA 3.3 70B,15,,true,,,,,,0,1,0,0,0,0,0,1,0,0,0,0
2026-03-04-15h13-SJ-run1|Agent-A|R11,J,LLaMA 3.3 70B,11,,,,,,,,0,0,0,0,0,0,0,0,0,0,0,0
J-run01|Agent-B|R18,J,GPT-OSS 120B,18,,true,,,,,,0,0,0,0,0,0,0,1,0,0,0,0
J-run10|Agent-H|R2,J,LLaMA 4 Scout,2,,true,,true,,,,0,1,1,1,0,0,0,0,1,1,0,0
J-run05|Agent-B|R16,J,GPT-OSS 120B,16,,,,,,,,0,0,0,0,0,0,0,0,0,0,0,0
J-run04|Agent-H|R14,J,LLaMA 4 Scout,14,,true,,,,,,0,0,0,0,0,0,0,0,0,0,0,0
J-run10|Agent-D|R13,J,LLaMA 4 Maverick,13,,,,true,,,,0,0,0,0,0,0,0,0,0,1,0,0
J-run06|Agent-D|R9,J,LLaMA 4 Maverick,9,,true,,,,,,0,1,0,0,0,0,0,1,0,0,0,0
J-run02|Agent-C|R2,J,GPT-OSS 20B,2,,,,true,,,,0,0,0,1,0,0,0,0,0,1,0,0
J-run03|Agent-F|R20,J,Qwen3 32B,20,,true,,,,,,0,1,0,0,0,0,0,1,0,0,0,0
2026-03-04-15h13-SJ-run1|Agent-E|R19,J,Kimi K2,19,,,true,,,,,0,0,1,0,0,0,0,0,0,0,0,0
J-run10|Agent-A|R19,J,LLaMA 3.3 70B,19,,,true,true,,,,0,0,1,0,0,0,0,0,1,1,0,0
J-run05|Agent-F|R7,J,Qwen3 32B,7,,,,true,,,,0,0,0,1,0,0,0,0,0,1,0,0
J-run03|Agent-B|R5,J,GPT-OSS 120B,5,,,,true,,,,0,0,0,1,0,0,0,0,0,0,0,0
J-run08|Agent-D|R7,J,LLaMA 4 Maverick,7,,,,,,,,0,0,0,0,0,0,0,0,0,0,0,0
J-run02|Agent-B|R9,J,GPT-OSS 120B,9,,,true,true,,,,0,0,1,1,0,0,0,0,0,0,0,0
J-run02|Agent-F|R2,J,Qwen3 32B,2,,,,,true,,,0,0,0,0,1,0,0,0,0,0,0,0
2026-03-04-15h13-SJ-run1|Agent-H|R4,J,LLaMA 4 Scout,4,,,,,,,,0,0,0,0,0,0,0,0,0,0,0,0
J-run05|Agent-E|R1,J,Kimi K2,1,,,,true,,,,0,0,0,1,0,0,0,0,0,1,0,0
J-run06|Agent-C|R8,J,GPT-OSS 20B,8,,,,,,,,0,0,0,0,0,0,0,0,0,0,0,0
J-run05|Agent-F|R9,J,Qwen3 32B,9,,,,true,,,,0,0,0,1,0,0,0,0,0,1,0,0
J-run05|Agent-C|R7,J,GPT-OSS 20B,7,,true,,,,,,0,1,0,0,0,0,0,1,0,0,0,0
J-run02|Agent-F|R1,J,Qwen3 32B,1,,true,,true,,,,0,1,0,1,0,0,0,0,0,1,0,0
J-run10|Agent-B|R3,J,GPT-OSS 120B,3,,,false,true,true,,,0,0,0,1,0,0,0,0,0,1,1,0
J-run04|Agent-F|R10,J,Qwen3 32B,10,,,,true,,,,0,0,0,1,0,0,0,0,0,1,0,0
2026-03-07-16h41-SK1-run01|Agent-A|R3,K1,LLaMA 3.3 70B,3,,,,,true,,,0,0,0,0,0,0,0,0,0,0,1,0
2026-03-07-17h20-SK1-run10|Agent-F|R1,K1,Qwen3 32B,1,,,,true,,,,0,0,0,1,0,0,0,0,0,1,0,0
2026-03-07-17h09-SK1-run08|Agent-H|R6,K1,LLaMA 4 Scout,6,,true,,,,,,0,0,0,0,0,0,0,1,0,0,0,0
2026-03-07-17h20-SK1-run10|Agent-E|R1,K1,Kimi K2,1,,,true,,,,,0,0,1,0,0,0,0,0,0,0,0,0
K1-run01|Agent-C|R5,K1,GPT-OSS 20B,5,,,true,true,,,,0,0,1,1,0,0,0,0,1,1,0,0
2026-03-07-16h43-SK1-run02|Agent-F|R7,K1,Qwen3 32B,7,,,,true,true,,,0,0,0,1,0,0,0,0,0,0,1,0
K1-run03|Agent-H|R10,K1,LLaMA 4 Scout,10,,true,,,,,,0,1,0,0,0,0,0,1,0,0,0,0
2026-03-07-16h43-SK1-run02|Agent-F|R3,K1,Qwen3 32B,3,,,,true,,,,0,0,0,0,0,0,0,0,0,1,0,0
K1-run02|Agent-F|R6,K1,Qwen3 32B,6,,,,true,true,,,0,0,0,1,1,0,0,0,0,1,0,0
2026-03-07-16h55-SK1-run06|Agent-E|R3,K1,Kimi K2,3,,true,,,,,,0,0,0,0,0,0,0,1,0,0,0,0
2026-03-07-16h48-SK1-run04|Agent-D|R2,K1,LLaMA 4 Maverick,2,,,,,,,,0,0,0,0,0,0,0,0,0,0,0,0
2026-03-07-16h50-SK1-run05|Agent-B|R9,K1,GPT-OSS 120B,9,,,,true,,,,0,0,0,1,0,0,0,0,0,1,0,0
K1-run03|Agent-B|R4,K1,GPT-OSS 120B,4,,,true,true,,,,0,0,1,1,0,0,0,0,1,1,0,0
2026-03-07-16h41-SK1-run01|Agent-B|R7,K1,GPT-OSS 120B,7,,false,true,true,true,,,0,0,1,1,0,0,0,0,0,1,1,0
2026-03-07-17h02-SK1-run07|Agent-E|R0,K1,Kimi K2,0,,,,true,,,,0,0,0,1,0,0,0,0,0,1,0,0
2026-03-07-16h50-SK1-run05|Agent-H|R10,K1,LLaMA 4 Scout,10,,true,,,,,,0,1,0,0,0,0,0,1,0,0,0,0
2026-03-07-16h50-SK1-run05|Agent-E|R0,K1,Kimi K2,0,,,,true,,,,0,0,0,0,0,0,0,0,0,1,0,0
2026-03-07-16h41-SK1-run01|Agent-C|R5,K1,GPT-OSS 20B,5,,,,true,,,,0,0,0,1,0,0,0,0,0,1,0,0
2026-03-07-17h02-SK1-run07|Agent-C|R3,K1,GPT-OSS 20B,3,,,,true,,,,0,0,0,1,0,0,0,0,0,1,0,0
2026-03-07-17h20-SK1-run10|Agent-D|R6,K1,LLaMA 4 Maverick,6,,,,,true,,,0,0,0,0,0,0,0,0,0,0,1,0
K1-run04|Agent-B|R7,K1,GPT-OSS 120B,7,,,,,true,,,0,0,0,0,0,0,0,0,0,0,1,0
2026-03-07-17h09-SK1-run08|Agent-E|R1,K1,Kimi K2,1,,,,true,,,,0,0,0,0,0,0,0,0,0,1,0,0
2026-03-07-16h41-SK1-run01|Agent-F|R8,K1,Qwen3 32B,8,,,,,true,,,0,0,0,0,0,0,0,0,0,0,1,0
2026-03-07-17h02-SK1-run07|Agent-A|R10,K1,LLaMA 3.3 70B,10,,,true,true,,,,0,0,1,1,0,0,0,0,1,1,0,0
2026-03-07-16h43-SK1-run02|Agent-C|R8,K1,GPT-OSS 20B,8,,,,true,,,,0,0,0,1,0,0,0,0,0,1,0,0
K1-run01|Agent-H|R9,K1,LLaMA 4 Scout,9,,true,,,,,,0,1,0,0,0,0,0,1,0,0,0,0
K1-run05|Agent-F|R3,K1,Qwen3 32B,3,,,false,true,,,,0,0,1,1,0,0,0,0,0,0,0,0
K1-run02|Agent-F|R0,K1,Qwen3 32B,0,,,,true,,,,0,0,0,1,0,0,0,0,0,1,0,0
2026-03-07-16h41-SK1-run01|Agent-E|R1,K1,Kimi K2,1,,,true,true,,,,0,0,1,1,0,0,0,0,1,1,0,0
K1-run03|Agent-C|R8,K1,GPT-OSS 20B,8,,true,,,,,,0,1,0,0,0,0,0,1,0,0,0,0
K1-run03|Agent-C|R1,K1,GPT-OSS 20B,1,,,,true,false,,,0,0,0,1,0,0,0,0,0,1,0,0
2026-03-07-17h20-SK1-run10|Agent-C|R1,K1,GPT-OSS 20B,1,,,,,,,,0,0,0,0,0,0,0,0,0,0,0,0
2026-03-07-16h46-SK1-run03|Agent-F|R3,K1,Qwen3 32B,3,,,,true,,,,0,0,0,1,0,0,0,0,0,1,1,0
2026-03-07-16h50-SK1-run05|Agent-D|R7,K1,LLaMA 4 Maverick,7,,true,,,,,,0,1,0,0,0,0,0,1,0,0,0,0
K1-run02|Agent-F|R5,K1,Qwen3 32B,5,,,true,true,,,,0,0,1,1,0,0,0,0,1,1,0,0
2026-03-07-17h20-SK1-run10|Agent-D|R8,K1,LLaMA 4 Maverick,8,,,,,true,,,0,0,0,0,1,0,0,1,0,0,1,0
2026-03-07-17h02-SK1-run07|Agent-A|R8,K1,LLaMA 3.3 70B,8,,,,true,,,,0,0,0,1,0,0,0,0,0,1,0,0
K1-run05|Agent-H|R6,K1,LLaMA 4 Scout,6,true,true,,,,,,1,1,0,0,0,0,0,1,0,0,0,0
2026-03-07-16h48-SK1-run04|Agent-F|R3,K1,Qwen3 32B,3,,,,true,,,,0,0,0,1,0,0,0,0,1,1,0,0
K1-run05|Agent-B|R9,K1,GPT-OSS 120B,9,,,true,,,,,0,0,0,0,0,0,0,0,0,0,0,0
2026-03-07-17h09-SK1-run08|Agent-E|R2,K1,Kimi K2,2,,,,true,,,,0,0,0,1,0,0,0,0,0,1,0,0
2026-03-07-16h55-SK1-run06|Agent-B|R6,K1,GPT-OSS 120B,6,,,true,true,,,,0,0,1,1,0,0,0,0,1,1,0,0
2026-03-07-16h50-SK1-run05|Agent-B|R10,K1,GPT-OSS 120B,10,,,true,,,,,0,1,0,0,0,0,0,0,0,0,0,0
2026-03-07-16h55-SK1-run06|Agent-H|R7,K1,LLaMA 4 Scout,7,,true,,,,,,0,0,0,0,0,0,0,0,0,0,0,0
K1-run02|Agent-H|R1,K1,LLaMA 4 Scout,1,,true,,true,,,,0,1,0,0,0,0,0,1,0,1,0,0
K2-run01|Agent-B|R5,K2,GPT-OSS 120B,5,,,true,true,,,,0,0,1,1,0,1,0,0,1,1,0,0
2026-03-07-17h50-SK2-run07|Agent-H|R3,K2,LLaMA 4 Scout,3,,,,true,,,,0,0,0,1,0,0,0,0,0,1,0,0
2026-03-07-17h29-SK2-run02|Agent-D|R0,K2,LLaMA 4 Maverick,0,,,,true,,,,0,0,0,1,0,0,0,0,0,1,0,0
2026-03-07-18h02-SK2-run10|Agent-B|R5,K2,GPT-OSS 120B,5,,,,true,,,,0,0,0,1,0,0,0,0,0,1,0,0
2026-03-07-17h50-SK2-run07|Agent-H|R2,K2,LLaMA 4 Scout,2,,,,true,,,,0,0,0,1,0,0,0,0,0,1,0,0
2026-03-07-17h47-SK2-run06|Agent-C|R8,K2,GPT-OSS 20B,8,,true,,true,,,,0,1,0,1,0,0,0,0,0,1,0,0
2026-03-07-17h37-SK2-run04|Agent-H|R2,K2,LLaMA 4 Scout,2,,true,,,,,,0,0,0,0,0,0,0,0,0,0,0,0
2026-03-07-17h37-SK2-run04|Agent-E|R2,K2,Kimi K2,2,,,,true,,,,0,0,0,1,0,0,0,0,0,1,0,0
K2-run02|Agent-B|R3,K2,GPT-OSS 120B,3,,,,,true,,,0,0,0,0,0,0,0,0,0,0,1,0
2026-03-07-17h29-SK2-run02|Agent-B|R0,K2,GPT-OSS 120B,0,,,,,,,,0,0,0,0,0,0,0,0,0,0,0,0
K2-run02|Agent-F|R7,K2,Qwen3 32B,7,,,,,,,,0,0,0,0,0,0,0,0,0,0,0,0
2026-03-07-18h02-SK2-run10|Agent-B|R10,K2,GPT-OSS 120B,10,,,,true,,,,0,0,0,1,0,0,0,0,0,0,0,0
2026-03-07-17h39-SK2-run05|Agent-C|R4,K2,GPT-OSS 20B,4,,,,true,,,,0,0,0,1,0,0,0,0,0,0,0,0
2026-03-07-17h29-SK2-run02|Agent-F|R7,K2,Qwen3 32B,7,,,true,,false,false,,0,0,1,0,0,0,0,0,0,0,0,0
K2-run05|Agent-C|R6,K2,GPT-OSS 20B,6,,,true,true,,,,0,0,1,1,0,0,0,0,1,0,0,0
2026-03-07-17h39-SK2-run05|Agent-E|R9,K2,Kimi K2,9,,true,,,,,,0,0,0,0,0,0,0,0,0,0,0,0
2026-03-07-17h47-SK2-run06|Agent-D|R3,K2,LLaMA 4 Maverick,3,,,,,,,,0,0,0,0,0,0,0,0,0,0,0,0
2026-03-07-17h33-SK2-run03|Agent-B|R10,K2,GPT-OSS 120B,10,,,,true,,,,0,0,0,1,0,1,0,0,0,0,0,1
2026-03-07-17h39-SK2-run05|Agent-C|R3,K2,GPT-OSS 20B,3,,,true,true,,,,0,0,0,1,0,0,0,0,1,0,0,0
2026-03-07-17h54-SK2-run08|Agent-B|R1,K2,GPT-OSS 120B,1,,,,,,,,0,0,0,0,0,0,0,0,0,0,0,0
2026-03-07-17h50-SK2-run07|Agent-A|R3,K2,LLaMA 3.3 70B,3,,,true,,,,,0,0,1,0,0,0,0,0,1,0,0,0
K2-run05|Agent-C|R9,K2,GPT-OSS 20B,9,,,true,true,,,,0,0,1,1,0,0,0,0,1,1,0,0
2026-03-07-17h39-SK2-run05|Agent-C|R6,K2,GPT-OSS 20B,6,,,true,true,,,,0,0,1,1,0,0,0,0,0,1,0,0
2026-03-07-17h33-SK2-run03|Agent-A|R3,K2,LLaMA 3.3 70B,3,,,true,,,,,0,0,1,0,0,0,0,0,1,0,0,0
2026-03-07-17h54-SK2-run08|Agent-H|R6,K2,LLaMA 4 Scout,6,,,,true,,,,0,0,0,1,0,0,0,0,0,1,0,0
2026-03-07-17h29-SK2-run02|Agent-B|R5,K2,GPT-OSS 120B,5,,,true,,,,,0,0,0,0,0,0,0,0,1,0,0,0
K2-run05|Agent-F|R10,K2,Qwen3 32B,10,,true,,,,,,0,0,0,0,0,0,0,0,0,0,0,0
K2-run04|Agent-F|R9,K2,Qwen3 32B,9,,,,true,,,,0,0,0,1,0,0,0,0,0,0,0,0
2026-03-07-17h54-SK2-run08|Agent-F|R6,K2,Qwen3 32B,6,,,true,,,,,0,0,1,0,0,0,0,0,1,0,0,0
2026-03-07-17h47-SK2-run06|Agent-H|R2,K2,LLaMA 4 Scout,2,,true,,,,,,0,0,0,0,0,0,0,0,0,0,0,0
2026-03-07-17h50-SK2-run07|Agent-C|R0,K2,GPT-OSS 20B,0,,,,true,,,,0,0,0,1,0,0,0,0,0,1,0,0
K2-run03|Agent-H|R7,K2,LLaMA 4 Scout,7,,,,,true,,,0,0,0,0,1,0,0,0,0,0,1,0
2026-03-07-17h50-SK2-run07|Agent-C|R10,K2,GPT-OSS 20B,10,,,,,,,,0,0,0,0,0,0,0,0,0,0,0,0
K2-run05|Agent-F|R9,K2,Qwen3 32B,9,,,,true,,,,0,0,0,1,0,0,0,0,0,1,0,0
2026-03-07-17h50-SK2-run07|Agent-H|R1,K2,LLaMA 4 Scout,1,,,true,true,,,,0,0,1,1,0,0,0,0,1,0,0,0
K2-run04|Agent-H|R7,K2,LLaMA 4 Scout,7,,true,,,,,,0,1,0,0,0,0,0,1,0,0,0,0
2026-03-07-17h50-SK2-run07|Agent-C|R6,K2,GPT-OSS 20B,6,,,,true,,,,0,0,0,1,0,0,0,0,0,0,0,0
2026-03-07-17h37-SK2-run04|Agent-E|R3,K2,Kimi K2,3,,,,true,,,,0,0,0,0,0,0,0,0,0,0,0,0
2026-03-07-17h47-SK2-run06|Agent-B|R3,K2,GPT-OSS 120B,3,,,true,,,,,0,0,1,0,0,0,0,0,0,1,1,0
K2-run02|Agent-F|R6,K2,Qwen3 32B,6,,,,true,true,,,0,0,0,1,0,0,0,0,0,1,1,0
2026-03-07-17h39-SK2-run05|Agent-E|R2,K2,Kimi K2,2,,,,true,,,,0,0,0,1,0,0,0,0,0,1,0,0
2026-03-07-18h02-SK2-run10|Agent-A|R3,K2,LLaMA 3.3 70B,3,,,,true,,,,0,0,0,1,0,0,0,0,0,1,0,0
K2-run05|Agent-A|R1,K2,LLaMA 3.3 70B,1,,true,,,,,,0,1,0,0,0,0,0,1,0,0,0,0
2026-03-07-17h39-SK2-run05|Agent-H|R3,K2,LLaMA 4 Scout,3,,,,true,true,,,0,0,0,1,1,0,0,0,0,0,0,0
2026-03-07-17h47-SK2-run06|Agent-C|R0,K2,GPT-OSS 20B,0,,,,,,,,0,0,0,0,0,0,0,0,0,0,0,0
2026-03-07-17h25-SK2-run01|Agent-H|R3,K2,LLaMA 4 Scout,3,,true,,,,,,0,0,0,0,0,0,0,0,0,0,0,0
K3-run01|Agent-A|R9,K3,LLaMA 3.3 70B,9,,,,true,,,,0,0,0,1,0,0,0,0,0,0,0,0
2026-03-07-18h15-SK3-run02|Agent-D|R6,K3,LLaMA 4 Maverick,6,,,,true,,,,0,0,0,1,0,0,0,0,0,1,0,0
2026-03-07-18h32-SK3-run04|Agent-B|R5,K3,GPT-OSS 120B,5,,,true,,,,,0,0,0,0,0,0,0,0,0,0,0,0
2026-03-07-18h42-SK3-run05|Agent-F|R10,K3,Qwen3 32B,10,,,,true,,,,0,0,0,1,0,0,0,0,0,1,0,0
K3-run01|Agent-B|R8,K3,GPT-OSS 120B,8,,,,true,,,,0,0,0,1,0,0,0,0,0,0,0,0
2026-03-07-18h57-SK3-run08|Agent-F|R10,K3,Qwen3 32B,10,,,,true,,,,0,0,0,1,0,0,0,0,0,1,0,0
2026-03-07-18h32-SK3-run04|Agent-D|R7,K3,LLaMA 4 Maverick,7,,true,,true,,,,0,0,0,0,0,0,0,0,0,0,0,0
2026-03-07-18h57-SK3-run08|Agent-C|R1,K3,GPT-OSS 20B,1,,true,,,,,,0,1,0,0,0,0,0,1,0,0,0,0
K3-run02|Agent-C|R0,K3,GPT-OSS 20B,0,,true,,,,,,0,0,0,0,0,0,0,0,0,0,0,0
2026-03-07-18h55-SK3-run07|Agent-E|R5,K3,Kimi K2,5,,,,true,true,,,0,0,0,1,1,0,0,0,0,1,0,0
2026-03-07-18h32-SK3-run04|Agent-B|R9,K3,GPT-OSS 120B,9,,,,true,,,,0,0,0,1,0,0,0,0,0,0,0,0
2026-03-07-18h42-SK3-run05|Agent-F|R9,K3,Qwen3 32B,9,,true,,,,,,0,0,0,0,0,0,0,0,0,0,0,0
K3-run02|Agent-D|R5,K3,LLaMA 4 Maverick,5,,true,,,,,,0,0,0,0,0,0,0,0,0,0,0,0
2026-03-07-19h03-SK3-run10|Agent-C|R10,K3,GPT-OSS 20B,10,,,,true,,,,0,0,0,1,0,0,0,0,0,1,0,0
2026-03-07-18h57-SK3-run08|Agent-B|R8,K3,GPT-OSS 120B,8,,,,true,false,,,0,0,0,1,0,0,0,0,0,1,0,0
2026-03-07-18h52-SK3-run06|Agent-B|R6,K3,GPT-OSS 120B,6,,,,true,,,,0,0,0,1,0,0,0,0,0,1,0,0
2026-03-07-19h00-SK3-run09|Agent-H|R0,K3,LLaMA 4 Scout,0,,true,,,,,,0,1,0,0,0,0,0,0,0,0,0,0
K3-run05|Agent-A|R1,K3,LLaMA 3.3 70B,1,,,,,true,,,0,0,0,0,0,0,0,0,0,0,0,0
2026-03-07-18h15-SK3-run02|Agent-A|R8,K3,LLaMA 3.3 70B,8,,,,true,,,,0,0,0,1,0,0,0,0,0,1,0,0
K3-run04|Agent-F|R9,K3,Qwen3 32B,9,,,,true,,,,0,0,0,1,0,0,0,0,0,1,0,0
K3-run04|Agent-A|R5,K3,LLaMA 3.3 70B,5,,true,,,,,,0,1,0,0,0,0,0,1,0,0,0,0
2026-03-07-18h15-SK3-run02|Agent-C|R8,K3,GPT-OSS 20B,8,,,true,true,,,,0,0,0,1,0,0,0,0,1,1,0,0
2026-03-07-18h55-SK3-run07|Agent-B|R2,K3,GPT-OSS 120B,2,,,,true,,,,0,0,0,1,0,0,0,0,0,0,0,0
K3-run04|Agent-F|R2,K3,Qwen3 32B,2,,,,true,,,,0,0,0,1,0,0,0,0,0,1,0,0
2026-03-07-18h12-SK3-run01|Agent-F|R10,K3,Qwen3 32B,10,,,,true,,,,0,0,0,0,0,0,0,0,0,1,0,0
K3-run02|Agent-A|R3,K3,LLaMA 3.3 70B,3,,true,,,,,,0,0,0,0,0,0,0,0,0,0,0,0
2026-03-07-18h52-SK3-run06|Agent-H|R3,K3,LLaMA 4 Scout,3,,true,,,,,,0,0,0,0,0,0,0,0,0,0,0,0
2026-03-07-18h55-SK3-run07|Agent-E|R7,K3,Kimi K2,7,,true,,,,,,0,0,0,0,0,0,0,0,0,0,0,0
2026-03-07-18h15-SK3-run02|Agent-C|R5,K3,GPT-OSS 20B,5,,,true,true,,,,0,0,1,1,0,0,0,0,0,1,0,0
K3-run02|Agent-D|R7,K3,LLaMA 4 Maverick,7,,true,,,,,,0,0,0,0,0,0,0,0,0,0,0,0
2026-03-07-18h24-SK3-run03|Agent-F|R0,K3,Qwen3 32B,0,,,,true,,,,0,0,0,1,0,0,0,0,0,1,0,0
2026-03-07-18h42-SK3-run05|Agent-H|R7,K3,LLaMA 4 Scout,7,,,,true,,,,0,0,0,1,0,0,0,0,0,1,0,0
2026-03-07-18h32-SK3-run04|Agent-E|R8,K3,Kimi K2,8,,,,true,,,,0,0,0,0,0,0,0,0,0,1,0,0
K3-run05|Agent-B|R2,K3,GPT-OSS 120B,2,,,false,true,,,,0,0,0,0,0,0,0,0,0,0,0,0
2026-03-07-18h24-SK3-run03|Agent-A|R5,K3,LLaMA 3.3 70B,5,,,,true,,,,0,0,0,1,0,0,0,0,0,1,0,0
K3-run03|Agent-A|R4,K3,LLaMA 3.3 70B,4,,,,true,,,,0,0,0,1,0,0,0,0,0,1,0,0
2026-03-07-18h15-SK3-run02|Agent-E|R9,K3,Kimi K2,9,,,,true,,,,0,0,0,1,0,0,0,0,0,1,0,0
K3-run02|Agent-H|R6,K3,LLaMA 4 Scout,6,,true,,,,,,0,0,0,0,0,0,0,0,0,0,0,0
2026-03-07-18h55-SK3-run07|Agent-E|R9,K3,Kimi K2,9,,true,,,,,,0,0,0,0,0,0,0,0,0,0,0,0
K3-run03|Agent-F|R10,K3,Qwen3 32B,10,,,,true,,,,0,0,0,1,0,0,0,0,0,1,0,0
2026-03-07-18h57-SK3-run08|Agent-C|R8,K3,GPT-OSS 20B,8,,,,true,,,,0,0,0,1,0,0,0,0,0,0,0,0
2026-03-07-18h52-SK3-run06|Agent-F|R7,K3,Qwen3 32B,7,,,,true,,,,0,0,0,0,0,0,0,0,0,0,0,0
K3-run04|Agent-B|R1,K3,GPT-OSS 120B,1,,,,,,,,0,0,0,0,0,0,0,0,0,0,0,0
2026-03-07-18h55-SK3-run07|Agent-D|R7,K3,LLaMA 4 Maverick,7,,,,,,,,0,0,0,0,0,0,0,0,0,0,0,0
2026-03-07-18h15-SK3-run02|Agent-C|R3,K3,GPT-OSS 20B,3,,,,,,,,0,0,0,0,0,0,0,0,0,0,0,0
2026-03-07-18h42-SK3-run05|Agent-F|R8,K3,Qwen3 32B,8,,,,true,,,,0,0,0,1,0,0,0,0,0,1,0,0
K3-run05|Agent-B|R4,K3,GPT-OSS 120B,4,,,,,,,,0,0,0,0,0,0,0,0,0,0,0,0
